{"cameraMode":{"drawMode":0,"name":"Shaded","section":"Shading Mode"},"sceneLighting":true,"audioPlay":false,"sceneViewState":{"m_AlwaysRefresh":false,"showFog":true,"showSkybox":true,"showFlares":true,"showImageEffects":true,"showParticleSystems":true,"showVisualEffectGraphs":true,"m_FxEnabled":true},"in2DMode":false,"pivot":{"x":4.509014129638672,"y":12.328392028808594,"z":78.70848846435547},"rotation":{"x":0.04614495113492012,"y":-0.03352462127804756,"z":-0.0017184262396767736,"w":-0.9984515905380249},"size":9.106918334960938,"orthographic":false}