{"cameraMode":{"drawMode":0,"name":"Shaded","section":"Shading Mode"},"sceneLighting":true,"audioPlay":false,"sceneViewState":{"m_AlwaysRefresh":false,"showFog":true,"showSkybox":true,"showFlares":true,"showImageEffects":true,"showParticleSystems":true,"showVisualEffectGraphs":true,"m_FxEnabled":true},"in2DMode":false,"pivot":{"x":2.2266788482666017,"y":4.443360328674316,"z":25.08879280090332},"rotation":{"x":0.0006117807351984084,"y":-0.7480856776237488,"z":-0.001047382247634232,"w":-0.6637327671051025},"size":8.410672187805176,"orthographic":false}